{
  "displayName": "CSS Consent Management",
  "iconPath": "src/resources/icons/css_logo.svg",
  "name": "css-consent-management",
  "platform": "web",
  "version": "1.0.0",
  "description": "Set consent based on current regulations and CSS Standards",
  "author": {
    "name": "Patrick Hegnauer"
  },
  "viewBasePath": "src/view/",
  "configuration": {
    "viewPath": "configuration/configuration.html",
    "schema": {
      "$schema": "http://json-schema.org/draft-04/schema#",
      "type": "object",
      "properties": {}
    }
  },
  "actions": [
    {
      "displayName": "Init Cookiebot",
      "name": "init-cookiebot",
      "schema": {
        "$schema": "http://json-schema.org/draft-04/schema#",
        "type": "object",
        "properties": {}
      },
      "libPath": "src/lib/actions/initCookiebot.js"
    }
  ]
}
